club_id,source,file,engine,page,chars,turnover,revenue,staff_costs,wages
arsenal,companies_house,companies_house/arsenal_04250459_2025-05-31.pdf,pdfplumber,1,0,False,False,False,False
arsenal,companies_house,companies_house/arsenal_04250459_2025-05-31.pdf,pdfplumber,2,0,False,False,False,False
arsenal,companies_house,companies_house/arsenal_04250459_2025-05-31.pdf,pdfplumber,3,0,False,False,False,False
arsenal,companies_house,companies_house/arsenal_04250459_2025-05-31.pdf,pdfplumber,4,0,False,False,False,False
arsenal,companies_house,companies_house/arsenal_04250459_2025-05-31.pdf,pdfplumber,5,0,False,False,False,False
arsenal,companies_house,companies_house/arsenal_04250459_2025-05-31.pdf,pdfplumber,6,0,False,False,False,False
arsenal,companies_house,companies_house/arsenal_04250459_2025-05-31.pdf,pdfplumber,7,0,False,False,False,False
arsenal,companies_house,companies_house/arsenal_04250459_2025-05-31.pdf,pdfplumber,8,0,False,False,False,False
arsenal,companies_house,companies_house/arsenal_04250459_2025-05-31.pdf,pdfplumber,9,0,False,False,False,False
arsenal,companies_house,companies_house/arsenal_04250459_2025-05-31.pdf,pdfplumber,10,0,False,False,False,False
arsenal,companies_house,companies_house/arsenal_04250459_2025-05-31.pdf,pdfplumber,11,0,False,False,False,False
arsenal,companies_house,companies_house/arsenal_04250459_2025-05-31.pdf,pdfplumber,12,0,False,False,False,False
arsenal,companies_house,companies_house/arsenal_04250459_2025-05-31.pdf,pdfplumber,13,0,False,False,False,False
arsenal,companies_house,companies_house/arsenal_04250459_2025-05-31.pdf,pdfplumber,14,0,False,False,False,False
arsenal,companies_house,companies_house/arsenal_04250459_2025-05-31.pdf,pdfplumber,15,0,False,False,False,False
arsenal,companies_house,companies_house/arsenal_04250459_2025-05-31.pdf,pdfplumber,16,0,False,False,False,False
arsenal,companies_house,companies_house/arsenal_04250459_2025-05-31.pdf,pdfplumber,17,0,False,False,False,False
arsenal,companies_house,companies_house/arsenal_04250459_2025-05-31.pdf,pdfplumber,18,0,False,False,False,False
arsenal,companies_house,companies_house/arsenal_04250459_2025-05-31.pdf,pdfplumber,19,0,False,False,False,False
arsenal,companies_house,companies_house/arsenal_04250459_2025-05-31.pdf,pdfplumber,20,0,False,False,False,False
arsenal,companies_house,companies_house/arsenal_04250459_2025-05-31.pdf,pdfplumber,21,0,False,False,False,False
arsenal,companies_house,companies_house/arsenal_04250459_2025-05-31.pdf,pdfplumber,22,0,False,False,False,False
arsenal,companies_house,companies_house/arsenal_04250459_2025-05-31.pdf,pdfplumber,23,0,False,False,False,False
arsenal,companies_house,companies_house/arsenal_04250459_2025-05-31.pdf,pdfplumber,24,0,False,False,False,False
arsenal,companies_house,companies_house/arsenal_04250459_2025-05-31.pdf,pdfplumber,25,0,False,False,False,False
arsenal,companies_house,companies_house/arsenal_04250459_2025-05-31.pdf,pdfplumber,26,0,False,False,False,False
arsenal,companies_house,companies_house/arsenal_04250459_2025-05-31.pdf,pdfplumber,27,0,False,False,False,False
arsenal,companies_house,companies_house/arsenal_04250459_2025-05-31.pdf,pdfplumber,28,0,False,False,False,False
arsenal,companies_house,companies_house/arsenal_04250459_2025-05-31.pdf,pdfplumber,29,0,False,False,False,False
arsenal,companies_house,companies_house/arsenal_04250459_2025-05-31.pdf,pdfplumber,30,0,False,False,False,False
arsenal,companies_house,companies_house/arsenal_04250459_2025-05-31.pdf,pdfplumber,31,0,False,False,False,False
arsenal,companies_house,companies_house/arsenal_04250459_2025-05-31.pdf,pdfplumber,32,0,False,False,False,False
arsenal,companies_house,companies_house/arsenal_04250459_2025-05-31.pdf,pdfplumber,33,0,False,False,False,False
arsenal,companies_house,companies_house/arsenal_04250459_2025-05-31.pdf,pdfplumber,34,0,False,False,False,False
arsenal,companies_house,companies_house/arsenal_04250459_2025-05-31.pdf,pdfplumber,35,0,False,False,False,False
arsenal,companies_house,companies_house/arsenal_04250459_2025-05-31.pdf,pdfplumber,36,0,False,False,False,False
arsenal,companies_house,companies_house/arsenal_04250459_2025-05-31.pdf,pdfplumber,37,0,False,False,False,False
arsenal,companies_house,companies_house/arsenal_04250459_2025-05-31.pdf,pdfplumber,38,0,False,False,False,False
arsenal,companies_house,companies_house/arsenal_04250459_2025-05-31.pdf,pdfplumber,39,0,False,False,False,False
arsenal,companies_house,companies_house/arsenal_04250459_2025-05-31.pdf,pdfplumber,40,0,False,False,False,False
arsenal,companies_house,companies_house/arsenal_04250459_2025-05-31.pdf,pdfplumber,41,0,False,False,False,False
arsenal,companies_house,companies_house/arsenal_04250459_2025-05-31.pdf,pdfplumber,42,0,False,False,False,False
arsenal,companies_house,companies_house/arsenal_04250459_2025-05-31.pdf,pdfplumber,43,0,False,False,False,False
arsenal,companies_house,companies_house/arsenal_04250459_2025-05-31.pdf,pdfplumber,44,0,False,False,False,False
arsenal,companies_house,companies_house/arsenal_04250459_2025-05-31.pdf,pdfplumber,45,0,False,False,False,False
chelsea,companies_house,companies_house/chelsea_02536231_2025-06-30.pdf,pdfplumber,1,0,False,False,False,False
chelsea,companies_house,companies_house/chelsea_02536231_2025-06-30.pdf,pdfplumber,2,0,False,False,False,False
chelsea,companies_house,companies_house/chelsea_02536231_2025-06-30.pdf,pdfplumber,3,0,False,False,False,False
chelsea,companies_house,companies_house/chelsea_02536231_2025-06-30.pdf,pdfplumber,4,0,False,False,False,False
chelsea,companies_house,companies_house/chelsea_02536231_2025-06-30.pdf,pdfplumber,5,0,False,False,False,False
chelsea,companies_house,companies_house/chelsea_02536231_2025-06-30.pdf,pdfplumber,6,0,False,False,False,False
chelsea,companies_house,companies_house/chelsea_02536231_2025-06-30.pdf,pdfplumber,7,0,False,False,False,False
chelsea,companies_house,companies_house/chelsea_02536231_2025-06-30.pdf,pdfplumber,8,0,False,False,False,False
chelsea,companies_house,companies_house/chelsea_02536231_2025-06-30.pdf,pdfplumber,9,0,False,False,False,False
chelsea,companies_house,companies_house/chelsea_02536231_2025-06-30.pdf,pdfplumber,10,0,False,False,False,False
chelsea,companies_house,companies_house/chelsea_02536231_2025-06-30.pdf,pdfplumber,11,0,False,False,False,False
chelsea,companies_house,companies_house/chelsea_02536231_2025-06-30.pdf,pdfplumber,12,0,False,False,False,False
chelsea,companies_house,companies_house/chelsea_02536231_2025-06-30.pdf,pdfplumber,13,0,False,False,False,False
chelsea,companies_house,companies_house/chelsea_02536231_2025-06-30.pdf,pdfplumber,14,0,False,False,False,False
chelsea,companies_house,companies_house/chelsea_02536231_2025-06-30.pdf,pdfplumber,15,0,False,False,False,False
chelsea,companies_house,companies_house/chelsea_02536231_2025-06-30.pdf,pdfplumber,16,0,False,False,False,False
chelsea,companies_house,companies_house/chelsea_02536231_2025-06-30.pdf,pdfplumber,17,0,False,False,False,False
chelsea,companies_house,companies_house/chelsea_02536231_2025-06-30.pdf,pdfplumber,18,0,False,False,False,False
chelsea,companies_house,companies_house/chelsea_02536231_2025-06-30.pdf,pdfplumber,19,0,False,False,False,False
chelsea,companies_house,companies_house/chelsea_02536231_2025-06-30.pdf,pdfplumber,20,0,False,False,False,False
chelsea,companies_house,companies_house/chelsea_02536231_2025-06-30.pdf,pdfplumber,21,0,False,False,False,False
chelsea,companies_house,companies_house/chelsea_02536231_2025-06-30.pdf,pdfplumber,22,0,False,False,False,False
chelsea,companies_house,companies_house/chelsea_02536231_2025-06-30.pdf,pdfplumber,23,0,False,False,False,False
chelsea,companies_house,companies_house/chelsea_02536231_2025-06-30.pdf,pdfplumber,24,0,False,False,False,False
chelsea,companies_house,companies_house/chelsea_02536231_2025-06-30.pdf,pdfplumber,25,0,False,False,False,False
chelsea,companies_house,companies_house/chelsea_02536231_2025-06-30.pdf,pdfplumber,26,0,False,False,False,False
chelsea,companies_house,companies_house/chelsea_02536231_2025-06-30.pdf,pdfplumber,27,0,False,False,False,False
chelsea,companies_house,companies_house/chelsea_02536231_2025-06-30.pdf,pdfplumber,28,0,False,False,False,False
chelsea,companies_house,companies_house/chelsea_02536231_2025-06-30.pdf,pdfplumber,29,0,False,False,False,False
chelsea,companies_house,companies_house/chelsea_02536231_2025-06-30.pdf,pdfplumber,30,0,False,False,False,False
chelsea,companies_house,companies_house/chelsea_02536231_2025-06-30.pdf,pdfplumber,31,0,False,False,False,False
chelsea,companies_house,companies_house/chelsea_02536231_2025-06-30.pdf,pdfplumber,32,0,False,False,False,False
chelsea,companies_house,companies_house/chelsea_02536231_2025-06-30.pdf,pdfplumber,33,0,False,False,False,False
chelsea,companies_house,companies_house/chelsea_02536231_2025-06-30.pdf,pdfplumber,34,0,False,False,False,False
chelsea,companies_house,companies_house/chelsea_02536231_2025-06-30.pdf,pdfplumber,35,0,False,False,False,False
chelsea,companies_house,companies_house/chelsea_02536231_2025-06-30.pdf,pdfplumber,36,0,False,False,False,False
chelsea,companies_house,companies_house/chelsea_02536231_2025-06-30.pdf,pdfplumber,37,0,False,False,False,False
chelsea,companies_house,companies_house/chelsea_02536231_2025-06-30.pdf,pdfplumber,38,0,False,False,False,False
chelsea,companies_house,companies_house/chelsea_02536231_2025-06-30.pdf,pdfplumber,39,0,False,False,False,False
chelsea,companies_house,companies_house/chelsea_02536231_2025-06-30.pdf,pdfplumber,40,0,False,False,False,False
chelsea,companies_house,companies_house/chelsea_02536231_2025-06-30.pdf,pdfplumber,41,0,False,False,False,False
chelsea,companies_house,companies_house/chelsea_02536231_2025-06-30.pdf,pdfplumber,42,0,False,False,False,False
chelsea,companies_house,companies_house/chelsea_02536231_2025-06-30.pdf,pdfplumber,43,0,False,False,False,False
chelsea,companies_house,companies_house/chelsea_02536231_2025-06-30.pdf,pdfplumber,44,0,False,False,False,False
chelsea,companies_house,companies_house/chelsea_02536231_2025-06-30.pdf,pdfplumber,45,0,False,False,False,False
chelsea,companies_house,companies_house/chelsea_02536231_2025-06-30.pdf,pdfplumber,46,0,False,False,False,False
liverpool,companies_house,companies_house/liverpool_00035668_2025-05-31.pdf,pypdfium2,1,0,False,False,False,False
liverpool,companies_house,companies_house/liverpool_00035668_2025-05-31.pdf,pypdfium2,2,0,False,False,False,False
liverpool,companies_house,companies_house/liverpool_00035668_2025-05-31.pdf,pypdfium2,3,0,False,False,False,False
liverpool,companies_house,companies_house/liverpool_00035668_2025-05-31.pdf,pypdfium2,4,0,False,False,False,False
liverpool,companies_house,companies_house/liverpool_00035668_2025-05-31.pdf,pypdfium2,5,0,False,False,False,False
liverpool,companies_house,companies_house/liverpool_00035668_2025-05-31.pdf,pypdfium2,6,0,False,False,False,False
liverpool,companies_house,companies_house/liverpool_00035668_2025-05-31.pdf,pypdfium2,7,0,False,False,False,False
liverpool,companies_house,companies_house/liverpool_00035668_2025-05-31.pdf,pypdfium2,8,0,False,False,False,False
liverpool,companies_house,companies_house/liverpool_00035668_2025-05-31.pdf,pypdfium2,9,0,False,False,False,False
liverpool,companies_house,companies_house/liverpool_00035668_2025-05-31.pdf,pypdfium2,10,0,False,False,False,False
liverpool,companies_house,companies_house/liverpool_00035668_2025-05-31.pdf,pypdfium2,11,0,False,False,False,False
liverpool,companies_house,companies_house/liverpool_00035668_2025-05-31.pdf,pypdfium2,12,0,False,False,False,False
liverpool,companies_house,companies_house/liverpool_00035668_2025-05-31.pdf,pypdfium2,13,0,False,False,False,False
liverpool,companies_house,companies_house/liverpool_00035668_2025-05-31.pdf,pypdfium2,14,0,False,False,False,False
liverpool,companies_house,companies_house/liverpool_00035668_2025-05-31.pdf,pypdfium2,15,0,False,False,False,False
liverpool,companies_house,companies_house/liverpool_00035668_2025-05-31.pdf,pypdfium2,16,0,False,False,False,False
liverpool,companies_house,companies_house/liverpool_00035668_2025-05-31.pdf,pypdfium2,17,0,False,False,False,False
liverpool,companies_house,companies_house/liverpool_00035668_2025-05-31.pdf,pypdfium2,18,0,False,False,False,False
liverpool,companies_house,companies_house/liverpool_00035668_2025-05-31.pdf,pypdfium2,19,0,False,False,False,False
liverpool,companies_house,companies_house/liverpool_00035668_2025-05-31.pdf,pypdfium2,20,0,False,False,False,False
liverpool,companies_house,companies_house/liverpool_00035668_2025-05-31.pdf,pypdfium2,21,0,False,False,False,False
liverpool,companies_house,companies_house/liverpool_00035668_2025-05-31.pdf,pypdfium2,22,0,False,False,False,False
liverpool,companies_house,companies_house/liverpool_00035668_2025-05-31.pdf,pypdfium2,23,0,False,False,False,False
liverpool,companies_house,companies_house/liverpool_00035668_2025-05-31.pdf,pypdfium2,24,0,False,False,False,False
liverpool,companies_house,companies_house/liverpool_00035668_2025-05-31.pdf,pypdfium2,25,0,False,False,False,False
liverpool,companies_house,companies_house/liverpool_00035668_2025-05-31.pdf,pypdfium2,26,0,False,False,False,False
liverpool,companies_house,companies_house/liverpool_00035668_2025-05-31.pdf,pypdfium2,27,0,False,False,False,False
liverpool,companies_house,companies_house/liverpool_00035668_2025-05-31.pdf,pypdfium2,28,0,False,False,False,False
liverpool,companies_house,companies_house/liverpool_00035668_2025-05-31.pdf,pypdfium2,29,0,False,False,False,False
liverpool,companies_house,companies_house/liverpool_00035668_2025-05-31.pdf,pypdfium2,30,0,False,False,False,False
liverpool,companies_house,companies_house/liverpool_00035668_2025-05-31.pdf,pypdfium2,31,0,False,False,False,False
liverpool,companies_house,companies_house/liverpool_00035668_2025-05-31.pdf,pypdfium2,32,0,False,False,False,False
liverpool,companies_house,companies_house/liverpool_00035668_2025-05-31.pdf,pypdfium2,33,0,False,False,False,False
liverpool,companies_house,companies_house/liverpool_00035668_2025-05-31.pdf,pypdfium2,34,0,False,False,False,False
liverpool,companies_house,companies_house/liverpool_00035668_2025-05-31.pdf,pypdfium2,35,0,False,False,False,False
liverpool,companies_house,companies_house/liverpool_00035668_2025-05-31.pdf,pypdfium2,36,0,False,False,False,False
liverpool,companies_house,companies_house/liverpool_00035668_2025-05-31.pdf,pypdfium2,37,0,False,False,False,False
liverpool,companies_house,companies_house/liverpool_00035668_2025-05-31.pdf,pypdfium2,38,0,False,False,False,False
manchester_city,manual,manual/mancity_2024-25.pdf,pdfplumber,1,131,False,False,False,False
manchester_city,manual,manual/mancity_2024-25.pdf,pdfplumber,2,321,False,False,False,False
manchester_city,manual,manual/mancity_2024-25.pdf,pdfplumber,3,65,False,False,False,False
manchester_city,manual,manual/mancity_2024-25.pdf,pdfplumber,4,330,False,False,False,False
manchester_city,manual,manual/mancity_2024-25.pdf,pdfplumber,5,2469,False,False,False,False
manchester_city,manual,manual/mancity_2024-25.pdf,pdfplumber,6,50,False,False,False,False
manchester_city,manual,manual/mancity_2024-25.pdf,pdfplumber,7,2866,False,True,False,False
manchester_city,manual,manual/mancity_2024-25.pdf,pdfplumber,8,1901,False,True,False,False
manchester_city,manual,manual/mancity_2024-25.pdf,pdfplumber,9,1893,False,False,False,False
manchester_city,manual,manual/mancity_2024-25.pdf,pdfplumber,10,53,False,False,False,False
manchester_city,manual,manual/mancity_2024-25.pdf,pdfplumber,11,2456,False,False,False,False
manchester_city,manual,manual/mancity_2024-25.pdf,pdfplumber,12,2118,False,False,False,False
manchester_city,manual,manual/mancity_2024-25.pdf,pdfplumber,13,74,False,False,False,False
manchester_city,manual,manual/mancity_2024-25.pdf,pdfplumber,14,2000,False,False,False,False
manchester_city,manual,manual/mancity_2024-25.pdf,pdfplumber,15,110,False,False,False,False
manchester_city,manual,manual/mancity_2024-25.pdf,pdfplumber,16,3063,False,False,False,False
manchester_city,manual,manual/mancity_2024-25.pdf,pdfplumber,17,3821,False,False,False,False
manchester_city,manual,manual/mancity_2024-25.pdf,pdfplumber,18,3104,False,True,False,False
manchester_city,manual,manual/mancity_2024-25.pdf,pdfplumber,19,60,False,False,False,False
manchester_city,manual,manual/mancity_2024-25.pdf,pdfplumber,20,845,False,True,False,False
manchester_city,manual,manual/mancity_2024-25.pdf,pdfplumber,21,49,False,False,False,False
manchester_city,manual,manual/mancity_2024-25.pdf,pdfplumber,22,1063,False,False,False,False
manchester_city,manual,manual/mancity_2024-25.pdf,pdfplumber,23,63,False,False,False,False
manchester_city,manual,manual/mancity_2024-25.pdf,pdfplumber,24,526,False,False,False,False
manchester_city,manual,manual/mancity_2024-25.pdf,pdfplumber,25,66,False,False,False,False
manchester_city,manual,manual/mancity_2024-25.pdf,pdfplumber,26,3716,False,True,False,False
manchester_city,manual,manual/mancity_2024-25.pdf,pdfplumber,27,3879,False,False,False,False
manchester_city,manual,manual/mancity_2024-25.pdf,pdfplumber,28,4541,False,True,False,False
manchester_city,manual,manual/mancity_2024-25.pdf,pdfplumber,29,3501,False,True,False,False
manchester_city,manual,manual/mancity_2024-25.pdf,pdfplumber,30,3253,False,True,False,False
manchester_city,manual,manual/mancity_2024-25.pdf,pdfplumber,31,4379,False,False,False,False
manchester_city,manual,manual/mancity_2024-25.pdf,pdfplumber,32,4089,False,False,False,False
manchester_city,manual,manual/mancity_2024-25.pdf,pdfplumber,33,4107,False,False,False,False
manchester_city,manual,manual/mancity_2024-25.pdf,pdfplumber,34,2214,False,True,False,False
manchester_city,manual,manual/mancity_2024-25.pdf,pdfplumber,35,851,False,True,False,False
manchester_city,manual,manual/mancity_2024-25.pdf,pdfplumber,36,564,False,False,False,False
manchester_city,manual,manual/mancity_2024-25.pdf,pdfplumber,37,615,False,False,False,True
manchester_city,manual,manual/mancity_2024-25.pdf,pdfplumber,38,1157,False,False,False,False
manchester_city,manual,manual/mancity_2024-25.pdf,pdfplumber,39,541,False,False,False,False
manchester_city,manual,manual/mancity_2024-25.pdf,pdfplumber,40,263,False,False,False,False
manchester_city,manual,manual/mancity_2024-25.pdf,pdfplumber,41,806,False,False,False,False
manchester_city,manual,manual/mancity_2024-25.pdf,pdfplumber,42,483,False,False,False,False
manchester_city,manual,manual/mancity_2024-25.pdf,pdfplumber,43,1258,False,False,False,False
manchester_city,manual,manual/mancity_2024-25.pdf,pdfplumber,44,293,False,False,False,False
manchester_city,manual,manual/mancity_2024-25.pdf,pdfplumber,45,543,False,False,False,False
manchester_city,manual,manual/mancity_2024-25.pdf,pdfplumber,46,1332,False,False,False,False
manchester_city,manual,manual/mancity_2024-25.pdf,pdfplumber,47,903,False,False,False,False
manchester_city,manual,manual/mancity_2024-25.pdf,pdfplumber,48,591,False,False,False,False
manchester_city,manual,manual/mancity_2024-25.pdf,pdfplumber,49,803,False,False,False,False
manchester_city,manual,manual/mancity_2024-25.pdf,pdfplumber,50,381,False,False,False,False
manchester_city,manual,manual/mancity_2024-25.pdf,pdfplumber,51,3035,False,False,False,False
manchester_city,manual,manual/mancity_2024-25.pdf,pdfplumber,52,1117,False,False,False,False
manchester_city,manual,manual/mancity_2024-25.pdf,pdfplumber,53,3474,False,False,False,False
manchester_city,manual,manual/mancity_2024-25.pdf,pdfplumber,54,1442,False,False,False,False
manchester_city,companies_house,companies_house/manchester_city_00040946_2025-06-30.pdf,pdfplumber,1,0,False,False,False,False
manchester_city,companies_house,companies_house/manchester_city_00040946_2025-06-30.pdf,pdfplumber,2,0,False,False,False,False
manchester_city,companies_house,companies_house/manchester_city_00040946_2025-06-30.pdf,pdfplumber,3,0,False,False,False,False
manchester_city,companies_house,companies_house/manchester_city_00040946_2025-06-30.pdf,pdfplumber,4,0,False,False,False,False
manchester_city,companies_house,companies_house/manchester_city_00040946_2025-06-30.pdf,pdfplumber,5,0,False,False,False,False
manchester_city,companies_house,companies_house/manchester_city_00040946_2025-06-30.pdf,pdfplumber,6,0,False,False,False,False
manchester_city,companies_house,companies_house/manchester_city_00040946_2025-06-30.pdf,pdfplumber,7,0,False,False,False,False
manchester_city,companies_house,companies_house/manchester_city_00040946_2025-06-30.pdf,pdfplumber,8,0,False,False,False,False
manchester_city,companies_house,companies_house/manchester_city_00040946_2025-06-30.pdf,pdfplumber,9,0,False,False,False,False
manchester_city,companies_house,companies_house/manchester_city_00040946_2025-06-30.pdf,pdfplumber,10,0,False,False,False,False
manchester_city,companies_house,companies_house/manchester_city_00040946_2025-06-30.pdf,pdfplumber,11,0,False,False,False,False
manchester_city,companies_house,companies_house/manchester_city_00040946_2025-06-30.pdf,pdfplumber,12,0,False,False,False,False
manchester_city,companies_house,companies_house/manchester_city_00040946_2025-06-30.pdf,pdfplumber,13,0,False,False,False,False
manchester_city,companies_house,companies_house/manchester_city_00040946_2025-06-30.pdf,pdfplumber,14,0,False,False,False,False
manchester_city,companies_house,companies_house/manchester_city_00040946_2025-06-30.pdf,pdfplumber,15,0,False,False,False,False
manchester_city,companies_house,companies_house/manchester_city_00040946_2025-06-30.pdf,pdfplumber,16,0,False,False,False,False
manchester_city,companies_house,companies_house/manchester_city_00040946_2025-06-30.pdf,pdfplumber,17,0,False,False,False,False
manchester_city,companies_house,companies_house/manchester_city_00040946_2025-06-30.pdf,pdfplumber,18,0,False,False,False,False
manchester_city,companies_house,companies_house/manchester_city_00040946_2025-06-30.pdf,pdfplumber,19,0,False,False,False,False
manchester_city,companies_house,companies_house/manchester_city_00040946_2025-06-30.pdf,pdfplumber,20,0,False,False,False,False
manchester_city,companies_house,companies_house/manchester_city_00040946_2025-06-30.pdf,pdfplumber,21,0,False,False,False,False
manchester_city,companies_house,companies_house/manchester_city_00040946_2025-06-30.pdf,pdfplumber,22,0,False,False,False,False
manchester_city,companies_house,companies_house/manchester_city_00040946_2025-06-30.pdf,pdfplumber,23,0,False,False,False,False
manchester_city,companies_house,companies_house/manchester_city_00040946_2025-06-30.pdf,pdfplumber,24,0,False,False,False,False
manchester_city,companies_house,companies_house/manchester_city_00040946_2025-06-30.pdf,pdfplumber,25,0,False,False,False,False
manchester_city,companies_house,companies_house/manchester_city_00040946_2025-06-30.pdf,pdfplumber,26,0,False,False,False,False
manchester_city,companies_house,companies_house/manchester_city_00040946_2025-06-30.pdf,pdfplumber,27,0,False,False,False,False
manchester_city,companies_house,companies_house/manchester_city_00040946_2025-06-30.pdf,pdfplumber,28,0,False,False,False,False
manchester_city,companies_house,companies_house/manchester_city_00040946_2025-06-30.pdf,pdfplumber,29,0,False,False,False,False
manchester_city,companies_house,companies_house/manchester_city_00040946_2025-06-30.pdf,pdfplumber,30,0,False,False,False,False
manchester_city,companies_house,companies_house/manchester_city_00040946_2025-06-30.pdf,pdfplumber,31,0,False,False,False,False
manchester_city,companies_house,companies_house/manchester_city_00040946_2025-06-30.pdf,pdfplumber,32,0,False,False,False,False
manchester_city,companies_house,companies_house/manchester_city_00040946_2025-06-30.pdf,pdfplumber,33,0,False,False,False,False
manchester_city,companies_house,companies_house/manchester_city_00040946_2025-06-30.pdf,pdfplumber,34,0,False,False,False,False
manchester_city,companies_house,companies_house/manchester_city_00040946_2025-06-30.pdf,pdfplumber,35,0,False,False,False,False
manchester_city,companies_house,companies_house/manchester_city_00040946_2025-06-30.pdf,pdfplumber,36,0,False,False,False,False
manchester_city,companies_house,companies_house/manchester_city_00040946_2025-06-30.pdf,pdfplumber,37,0,False,False,False,False
manchester_city,companies_house,companies_house/manchester_city_00040946_2025-06-30.pdf,pdfplumber,38,0,False,False,False,False
manchester_city,companies_house,companies_house/manchester_city_00040946_2025-06-30.pdf,pdfplumber,39,0,False,False,False,False
tottenham,companies_house,companies_house/tottenham_01706358_2025-06-30.pdf,pypdfium2,1,0,False,False,False,False
tottenham,companies_house,companies_house/tottenham_01706358_2025-06-30.pdf,pypdfium2,2,0,False,False,False,False
tottenham,companies_house,companies_house/tottenham_01706358_2025-06-30.pdf,pypdfium2,3,0,False,False,False,False
tottenham,companies_house,companies_house/tottenham_01706358_2025-06-30.pdf,pypdfium2,4,0,False,False,False,False
tottenham,companies_house,companies_house/tottenham_01706358_2025-06-30.pdf,pypdfium2,5,0,False,False,False,False
tottenham,companies_house,companies_house/tottenham_01706358_2025-06-30.pdf,pypdfium2,6,0,False,False,False,False
tottenham,companies_house,companies_house/tottenham_01706358_2025-06-30.pdf,pypdfium2,7,0,False,False,False,False
tottenham,companies_house,companies_house/tottenham_01706358_2025-06-30.pdf,pypdfium2,8,0,False,False,False,False
tottenham,companies_house,companies_house/tottenham_01706358_2025-06-30.pdf,pypdfium2,9,0,False,False,False,False
tottenham,companies_house,companies_house/tottenham_01706358_2025-06-30.pdf,pypdfium2,10,0,False,False,False,False
tottenham,companies_house,companies_house/tottenham_01706358_2025-06-30.pdf,pypdfium2,11,0,False,False,False,False
tottenham,companies_house,companies_house/tottenham_01706358_2025-06-30.pdf,pypdfium2,12,0,False,False,False,False
tottenham,companies_house,companies_house/tottenham_01706358_2025-06-30.pdf,pypdfium2,13,0,False,False,False,False
tottenham,companies_house,companies_house/tottenham_01706358_2025-06-30.pdf,pypdfium2,14,0,False,False,False,False
tottenham,companies_house,companies_house/tottenham_01706358_2025-06-30.pdf,pypdfium2,15,0,False,False,False,False
tottenham,companies_house,companies_house/tottenham_01706358_2025-06-30.pdf,pypdfium2,16,0,False,False,False,False
tottenham,companies_house,companies_house/tottenham_01706358_2025-06-30.pdf,pypdfium2,17,0,False,False,False,False
tottenham,companies_house,companies_house/tottenham_01706358_2025-06-30.pdf,pypdfium2,18,0,False,False,False,False
tottenham,companies_house,companies_house/tottenham_01706358_2025-06-30.pdf,pypdfium2,19,0,False,False,False,False
tottenham,companies_house,companies_house/tottenham_01706358_2025-06-30.pdf,pypdfium2,20,0,False,False,False,False
tottenham,companies_house,companies_house/tottenham_01706358_2025-06-30.pdf,pypdfium2,21,0,False,False,False,False
tottenham,companies_house,companies_house/tottenham_01706358_2025-06-30.pdf,pypdfium2,22,0,False,False,False,False
tottenham,companies_house,companies_house/tottenham_01706358_2025-06-30.pdf,pypdfium2,23,0,False,False,False,False
tottenham,companies_house,companies_house/tottenham_01706358_2025-06-30.pdf,pypdfium2,24,0,False,False,False,False
tottenham,companies_house,companies_house/tottenham_01706358_2025-06-30.pdf,pypdfium2,25,0,False,False,False,False
tottenham,companies_house,companies_house/tottenham_01706358_2025-06-30.pdf,pypdfium2,26,0,False,False,False,False
tottenham,companies_house,companies_house/tottenham_01706358_2025-06-30.pdf,pypdfium2,27,0,False,False,False,False
tottenham,companies_house,companies_house/tottenham_01706358_2025-06-30.pdf,pypdfium2,28,0,False,False,False,False
tottenham,companies_house,companies_house/tottenham_01706358_2025-06-30.pdf,pypdfium2,29,0,False,False,False,False
tottenham,companies_house,companies_house/tottenham_01706358_2025-06-30.pdf,pypdfium2,30,0,False,False,False,False
tottenham,companies_house,companies_house/tottenham_01706358_2025-06-30.pdf,pypdfium2,31,0,False,False,False,False
tottenham,companies_house,companies_house/tottenham_01706358_2025-06-30.pdf,pypdfium2,32,0,False,False,False,False
tottenham,companies_house,companies_house/tottenham_01706358_2025-06-30.pdf,pypdfium2,33,0,False,False,False,False
tottenham,companies_house,companies_house/tottenham_01706358_2025-06-30.pdf,pypdfium2,34,0,False,False,False,False
tottenham,companies_house,companies_house/tottenham_01706358_2025-06-30.pdf,pypdfium2,35,0,False,False,False,False
tottenham,companies_house,companies_house/tottenham_01706358_2025-06-30.pdf,pypdfium2,36,0,False,False,False,False
tottenham,companies_house,companies_house/tottenham_01706358_2025-06-30.pdf,pypdfium2,37,0,False,False,False,False
tottenham,companies_house,companies_house/tottenham_01706358_2025-06-30.pdf,pypdfium2,38,0,False,False,False,False
tottenham,companies_house,companies_house/tottenham_01706358_2025-06-30.pdf,pypdfium2,39,0,False,False,False,False
tottenham,companies_house,companies_house/tottenham_01706358_2025-06-30.pdf,pypdfium2,40,0,False,False,False,False
tottenham,companies_house,companies_house/tottenham_01706358_2025-06-30.pdf,pypdfium2,41,0,False,False,False,False
tottenham,companies_house,companies_house/tottenham_01706358_2025-06-30.pdf,pypdfium2,42,0,False,False,False,False
tottenham,companies_house,companies_house/tottenham_01706358_2025-06-30.pdf,pypdfium2,43,0,False,False,False,False
tottenham,companies_house,companies_house/tottenham_01706358_2025-06-30.pdf,pypdfium2,44,0,False,False,False,False
tottenham,companies_house,companies_house/tottenham_01706358_2025-06-30.pdf,pypdfium2,45,0,False,False,False,False
tottenham,companies_house,companies_house/tottenham_01706358_2025-06-30.pdf,pypdfium2,46,0,False,False,False,False
tottenham,companies_house,companies_house/tottenham_01706358_2025-06-30.pdf,pypdfium2,47,0,False,False,False,False
tottenham,companies_house,companies_house/tottenham_01706358_2025-06-30.pdf,pypdfium2,48,0,False,False,False,False
tottenham,companies_house,companies_house/tottenham_01706358_2025-06-30.pdf,pypdfium2,49,0,False,False,False,False
tottenham,companies_house,companies_house/tottenham_01706358_2025-06-30.pdf,pypdfium2,50,0,False,False,False,False
tottenham,companies_house,companies_house/tottenham_01706358_2025-06-30.pdf,pypdfium2,51,0,False,False,False,False
tottenham,companies_house,companies_house/tottenham_01706358_2025-06-30.pdf,pypdfium2,52,0,False,False,False,False
tottenham,companies_house,companies_house/tottenham_01706358_2025-06-30.pdf,pypdfium2,53,0,False,False,False,False
tottenham,companies_house,companies_house/tottenham_01706358_2025-06-30.pdf,pypdfium2,54,0,False,False,False,False
tottenham,companies_house,companies_house/tottenham_01706358_2025-06-30.pdf,pypdfium2,55,0,False,False,False,False
tottenham,companies_house,companies_house/tottenham_01706358_2025-06-30.pdf,pypdfium2,56,0,False,False,False,False
tottenham,companies_house,companies_house/tottenham_01706358_2025-06-30.pdf,pypdfium2,57,0,False,False,False,False
tottenham,companies_house,companies_house/tottenham_01706358_2025-06-30.pdf,pypdfium2,58,0,False,False,False,False
tottenham,companies_house,companies_house/tottenham_01706358_2025-06-30.pdf,pypdfium2,59,0,False,False,False,False
tottenham,companies_house,companies_house/tottenham_01706358_2025-06-30.pdf,pypdfium2,60,0,False,False,False,False
tottenham,companies_house,companies_house/tottenham_01706358_2025-06-30.pdf,pypdfium2,61,0,False,False,False,False
tottenham,companies_house,companies_house/tottenham_01706358_2025-06-30.pdf,pypdfium2,62,0,False,False,False,False
tottenham,companies_house,companies_house/tottenham_01706358_2025-06-30.pdf,pypdfium2,63,0,False,False,False,False
tottenham,companies_house,companies_house/tottenham_01706358_2025-06-30.pdf,pypdfium2,64,0,False,False,False,False
tottenham,companies_house,companies_house/tottenham_01706358_2025-06-30.pdf,pypdfium2,65,0,False,False,False,False
newcastle,companies_house,companies_house/newcastle_02529667_2025-06-30.pdf,pdfplumber,1,0,False,False,False,False
newcastle,companies_house,companies_house/newcastle_02529667_2025-06-30.pdf,pdfplumber,2,0,False,False,False,False
newcastle,companies_house,companies_house/newcastle_02529667_2025-06-30.pdf,pdfplumber,3,0,False,False,False,False
newcastle,companies_house,companies_house/newcastle_02529667_2025-06-30.pdf,pdfplumber,4,0,False,False,False,False
newcastle,companies_house,companies_house/newcastle_02529667_2025-06-30.pdf,pdfplumber,5,0,False,False,False,False
newcastle,companies_house,companies_house/newcastle_02529667_2025-06-30.pdf,pdfplumber,6,0,False,False,False,False
newcastle,companies_house,companies_house/newcastle_02529667_2025-06-30.pdf,pdfplumber,7,0,False,False,False,False
newcastle,companies_house,companies_house/newcastle_02529667_2025-06-30.pdf,pdfplumber,8,0,False,False,False,False
newcastle,companies_house,companies_house/newcastle_02529667_2025-06-30.pdf,pdfplumber,9,0,False,False,False,False
newcastle,companies_house,companies_house/newcastle_02529667_2025-06-30.pdf,pdfplumber,10,0,False,False,False,False
newcastle,companies_house,companies_house/newcastle_02529667_2025-06-30.pdf,pdfplumber,11,0,False,False,False,False
newcastle,companies_house,companies_house/newcastle_02529667_2025-06-30.pdf,pdfplumber,12,0,False,False,False,False
newcastle,companies_house,companies_house/newcastle_02529667_2025-06-30.pdf,pdfplumber,13,0,False,False,False,False
newcastle,companies_house,companies_house/newcastle_02529667_2025-06-30.pdf,pdfplumber,14,0,False,False,False,False
newcastle,companies_house,companies_house/newcastle_02529667_2025-06-30.pdf,pdfplumber,15,0,False,False,False,False
newcastle,companies_house,companies_house/newcastle_02529667_2025-06-30.pdf,pdfplumber,16,0,False,False,False,False
newcastle,companies_house,companies_house/newcastle_02529667_2025-06-30.pdf,pdfplumber,17,0,False,False,False,False
newcastle,companies_house,companies_house/newcastle_02529667_2025-06-30.pdf,pdfplumber,18,0,False,False,False,False
newcastle,companies_house,companies_house/newcastle_02529667_2025-06-30.pdf,pdfplumber,19,0,False,False,False,False
newcastle,companies_house,companies_house/newcastle_02529667_2025-06-30.pdf,pdfplumber,20,0,False,False,False,False
newcastle,companies_house,companies_house/newcastle_02529667_2025-06-30.pdf,pdfplumber,21,0,False,False,False,False
newcastle,companies_house,companies_house/newcastle_02529667_2025-06-30.pdf,pdfplumber,22,0,False,False,False,False
newcastle,companies_house,companies_house/newcastle_02529667_2025-06-30.pdf,pdfplumber,23,0,False,False,False,False
newcastle,companies_house,companies_house/newcastle_02529667_2025-06-30.pdf,pdfplumber,24,0,False,False,False,False
newcastle,companies_house,companies_house/newcastle_02529667_2025-06-30.pdf,pdfplumber,25,0,False,False,False,False
newcastle,companies_house,companies_house/newcastle_02529667_2025-06-30.pdf,pdfplumber,26,0,False,False,False,False
newcastle,companies_house,companies_house/newcastle_02529667_2025-06-30.pdf,pdfplumber,27,0,False,False,False,False
newcastle,companies_house,companies_house/newcastle_02529667_2025-06-30.pdf,pdfplumber,28,0,False,False,False,False
newcastle,companies_house,companies_house/newcastle_02529667_2025-06-30.pdf,pdfplumber,29,0,False,False,False,False
newcastle,companies_house,companies_house/newcastle_02529667_2025-06-30.pdf,pdfplumber,30,0,False,False,False,False
newcastle,companies_house,companies_house/newcastle_02529667_2025-06-30.pdf,pdfplumber,31,0,False,False,False,False
newcastle,companies_house,companies_house/newcastle_02529667_2025-06-30.pdf,pdfplumber,32,0,False,False,False,False
newcastle,companies_house,companies_house/newcastle_02529667_2025-06-30.pdf,pdfplumber,33,0,False,False,False,False
newcastle,companies_house,companies_house/newcastle_02529667_2025-06-30.pdf,pdfplumber,34,0,False,False,False,False
newcastle,companies_house,companies_house/newcastle_02529667_2025-06-30.pdf,pdfplumber,35,0,False,False,False,False
newcastle,companies_house,companies_house/newcastle_02529667_2025-06-30.pdf,pdfplumber,36,0,False,False,False,False
newcastle,companies_house,companies_house/newcastle_02529667_2025-06-30.pdf,pdfplumber,37,0,False,False,False,False
newcastle,companies_house,companies_house/newcastle_02529667_2025-06-30.pdf,pdfplumber,38,0,False,False,False,False
newcastle,companies_house,companies_house/newcastle_02529667_2025-06-30.pdf,pdfplumber,39,0,False,False,False,False
newcastle,companies_house,companies_house/newcastle_02529667_2025-06-30.pdf,pdfplumber,40,0,False,False,False,False
newcastle,companies_house,companies_house/newcastle_02529667_2025-06-30.pdf,pdfplumber,41,0,False,False,False,False
newcastle,companies_house,companies_house/newcastle_02529667_2025-06-30.pdf,pdfplumber,42,0,False,False,False,False
newcastle,companies_house,companies_house/newcastle_02529667_2025-06-30.pdf,pdfplumber,43,0,False,False,False,False
newcastle,companies_house,companies_house/newcastle_02529667_2025-06-30.pdf,pdfplumber,44,0,False,False,False,False
newcastle,companies_house,companies_house/newcastle_02529667_2025-06-30.pdf,pdfplumber,45,0,False,False,False,False
newcastle,companies_house,companies_house/newcastle_02529667_2025-06-30.pdf,pdfplumber,46,0,False,False,False,False
newcastle,companies_house,companies_house/newcastle_02529667_2025-06-30.pdf,pdfplumber,47,0,False,False,False,False
